[
    {
        "pk": 1,
        "model": "InAndOutBoundApp.Products",
        "fields": {
            "Product_Description": "Corporate Client"
        }
    }, {
        "pk": 2,
        "model": "InAndOutBoundApp.Products",
        "fields": {
            "Product_Description": "Government"
        }
    }, {
        "pk": 3,
        "model": "InAndOutBoundApp.Products",
        "fields": {
            "Product_Description": "Health"
        }
    }, {
        "pk": 4,
        "model": "InAndOutBoundApp.Products",
        "fields": {
            "Product_Description": "Life"
        }
    }, {
        "pk": 5,
        "model": "InAndOutBoundApp.Products",
        "fields": {
            "Product_Description": "Marine"
        }
    }, {
        "pk": 6,
        "model": "InAndOutBoundApp.Products",
        "fields": {
            "Product_Description": "Motor"
        }
    }, {
        "pk": 7,
        "model": "InAndOutBoundApp.Products",
        "fields": {
            "Product_Description": "Pensions"
        }
    }, {
        "pk": 8,
        "model": "InAndOutBoundApp.Products",
        "fields": {
            "Product_Description": "Short-term liability"
        }
    }, {
        "pk": 9,
        "model": "InAndOutBoundApp.Products",
        "fields": {
            "Product_Description": "Travel"
        }
    }, {
        "pk": 10,
        "model": "InAndOutBoundApp.Products",
        "fields": {
            "Product_Description": "Other"
        }
    },{
        "pk": 11,
        "model": "InAndOutBoundApp.Products",
        "fields": {
            "Product_Description": "Property"
        }
    },{
        "pk": 12,
        "model": "InAndOutBoundApp.Products",
        "fields": {
            "Product_Description": "None"
        }
    },{
        "pk": 13,
        "model": "InAndOutBoundApp.Products",
        "fields": {
            "Product_Description": "Personal Injury"
        }
    },{
        "pk": 1,
        "model": "InAndOutBoundApp.CustomerResponse",
        "fields": {
            "Response_Description": "Agree to Pay"
        }
    }, {
        "pk": 2,
        "model": "InAndOutBoundApp.CustomerResponse",
        "fields": {
            "Response_Description": "Agree to Renew"
        }
    }, {
        "pk": 3,
        "model": "InAndOutBoundApp.CustomerResponse",
        "fields": {
            "Response_Description": "No Contact Information"
        }
    }, {
        "pk": 4,
        "model": "InAndOutBoundApp.CustomerResponse",
        "fields": {
            "Response_Description": "No Answer"
        }
    }, {
        "pk": 5,
        "model": "InAndOutBoundApp.CustomerResponse",
        "fields": {
            "Response_Description": "Out Of Service"
        }
    }, {
        "pk": 6,
        "model": "InAndOutBoundApp.CustomerResponse",
        "fields": {
            "Response_Description": "Other Query"
        }
    }, {
        "pk": 7,
        "model": "InAndOutBoundApp.CustomerResponse",
        "fields": {
            "Response_Description": "Others"
        }
    }, {
        "pk": 8,
        "model": "InAndOutBoundApp.CustomerResponse",
        "fields": {
            "Response_Description": "Unavailable ATM"
        }
    }, {
        "pk": 9,
        "model": "InAndOutBoundApp.CustomerResponse",
        "fields": {
            "Response_Description": "Will Not Pay"
        }
    }, {
        "pk": 10,
        "model": "InAndOutBoundApp.CustomerResponse",
        "fields": {
            "Response_Description": "Will Not Renew"
        }
    },  {
        "pk": 11,
        "model": "InAndOutBoundApp.CustomerResponse",
        "fields": {
            "Response_Description": "Vehicle sold"
        }
    },  {
        "pk": 12,
        "model": "InAndOutBoundApp.CustomerResponse",
        "fields": {
            "Response_Description": "Vehicle off the road"
        }
    },  {
        "pk": 13,
        "model": "InAndOutBoundApp.CustomerResponse",
        "fields": {
            "Response_Description": "Insured is deceased"
        }
    },  {
        "pk": 14,
        "model": "InAndOutBoundApp.CustomerResponse",
        "fields": {
            "Response_Description": "Insured is incapacitated"
        }
    },  {
        "pk": 15,
        "model": "InAndOutBoundApp.CustomerResponse",
        "fields": {
            "Response_Description": "Experiencing financial difficulty"
        }
    }, {
        "pk":1,
        "model": "InAndOutBoundApp.Departments",
        "fields": {
            "Department_Description": "Payment Admin",
            "Dept_Email_id": "paymentadmin@icb.com.bb"
        }
    }, {
        "pk":2,
        "model": "InAndOutBoundApp.Departments",
        "fields": {
            "Department_Description": "Policy Services",
            "Dept_Email_id": "policyservices@icb.com.bb"
        }
    }, {
        "pk":3,
        "model": "InAndOutBoundApp.Departments",
        "fields": {
            "Department_Description": "Quotations",
            "Dept_Email_id": "easyquote@icb.com.bb"
        }
    }, {
        "pk":4,
        "model": "InAndOutBoundApp.Departments",
        "fields": {
            "Department_Description": "Customer Support",
            "Dept_Email_id": "customersupport@icb.com.bb"
        }
    }, {
        "pk":5,
        "model": "InAndOutBoundApp.Departments",
        "fields": {
            "Department_Description": "Policy Benefits Team",
            "Dept_Email_id": "allclaims@icb.com.bb"
        }
    }, {
        "pk":6,
        "model": "InAndOutBoundApp.Departments",
        "fields": {
            "Department_Description": "Online Support",
            "Dept_Email_id": "onlinesupport@icb.com.bb"
        }
    }, {
        "pk":7,
        "model": "InAndOutBoundApp.Departments",
        "fields": {
            "Department_Description": "Individual Life & Health",
            "Dept_Email_id": "individuallifehealth@icb.com.bb"
        }
    }, {
        "pk":8,
        "model": "InAndOutBoundApp.Departments",
        "fields": {
            "Department_Description": "Group Life & Health",
            "Dept_Email_id": "lifeops@icb.com.bb"
        }
    }, {
        "pk":9,
        "model": "InAndOutBoundApp.Departments",
        "fields": {
            "Department_Description": "Pensions Support Team",
            "Dept_Email_id": "pensionsops@icb.com.bb"
        }
    },{
        "pk":10,
        "model": "InAndOutBoundApp.Departments",
        "fields": {
            "Department_Description": "Inbound Call Team",
            "Dept_Email_id": "inboundcalls@icb.com.bb"
        }
    },{
        "pk":11,
        "model": "InAndOutBoundApp.Departments",
        "fields": {
            "Department_Description": "Omniplus Team",
            "Dept_Email_id": "omniplus@icb.com.bb"
        }
    },{
        "pk":12,
        "model": "InAndOutBoundApp.Departments",
        "fields": {
            "Department_Description": "Key business Partners",
            "Dept_Email_id": "keybizpartners@icb.com.bb"
        }
    },{
        "pk":13,
        "model": "InAndOutBoundApp.Departments",
        "fields": {
            "Department_Description": "Other",
            "Dept_Email_id": "other"
        }
    },{
        "pk":14,
        "model": "InAndOutBoundApp.Departments",
        "fields": {
            "Department_Description": "Existing Individual L&H",
            "Dept_Email_id": "inforcerequests@icbl.com"
        }
    },{
        "pk":15,
        "model": "InAndOutBoundApp.Departments",
        "fields": {
            "Department_Description": "Human Resources",
            "Dept_Email_id": "icblhrd@icbl.com"
        }
    },{
        "pk":16,
        "model": "InAndOutBoundApp.Departments",
        "fields": {
            "Department_Description": "Marketing and Communications",
            "Dept_Email_id": "ICBLMarketing2@icbl.com"
        }
    },{
        "pk":17,
        "model": "InAndOutBoundApp.Departments",
        "fields": {
            "Department_Description": "Accounts Payable Team",
            "Dept_Email_id": "ICBLAccountsPayableDG@icbl.com"
        }
    },{
        "pk":18,
        "model": "InAndOutBoundApp.Departments",
        "fields": {
            "Department_Description": "Accounts Receivable",
            "Dept_Email_id": "accountsreceivable@icbl.com"
        }
    },{
        "pk":19,
        "model": "InAndOutBoundApp.Departments",
        "fields": {
            "Department_Description": "Treasury and Operations",
            "Dept_Email_id": "ICBLTreasuryOperations@icbl.com"
        }
    },
    {
        "pk": 20,
        "model": "InAndOutBoundApp.Departments",
        "fields": {
            "Department_Description": "Agency - Kendal Ince",
            "Dept_Email_id": "kendalinceagency@icbl.com"
        }
    },{
        "pk":21,
        "model": "InAndOutBoundApp.Departments",
        "fields": {
            "Department_Description": "Agency - Natasha Licorish",
            "Dept_Email_id": "natashalicorishagency@icbl.com"
        }

    },
    {
        "pk":1,
        "model": "InAndOutBoundApp.Requests",
        "fields": {
            "Request_Description": "Balance on Account"
        }
    },
    {
        "pk":2,
        "model": "InAndOutBoundApp.Requests",
        "fields": {
            "Request_Description": "Certificate of Insurance"
        }
    },
    {
        "pk":3,
        "model": "InAndOutBoundApp.Requests",
        "fields": {
            "Request_Description": "Change Cover Type (TP/Comp)"
        }
    },
    {
        "pk":4,
        "model": "InAndOutBoundApp.Requests",
        "fields": {
            "Request_Description": "Change Policy Type (Comm. to Priv.)"
        }
    },
    {
        "pk":5,
        "model": "InAndOutBoundApp.Requests",
        "fields": {
            "Request_Description": "Change Policy Type (Priv. to Comm.)"
        }
    },
    {
        "pk":6,
        "model": "InAndOutBoundApp.Requests",
        "fields": {
            "Request_Description": "Change in Value"
        }
    },
    {
        "pk":7,
        "model": "InAndOutBoundApp.Requests",
        "fields": {
            "Request_Description": "Change of Vehicle"
        }
    },
    {
        "pk":8,
        "model": "InAndOutBoundApp.Requests",
        "fields": {
            "Request_Description": "Claim Payment"
        }
    },
    {
        "pk":9,
        "model": "InAndOutBoundApp.Requests",
        "fields": {
            "Request_Description": "Claim Update"
        }
    },
    {
        "pk":10,
        "model": "InAndOutBoundApp.Requests",
        "fields": {
            "Request_Description": "Confirmation of Payment"
        }
    },
    {
        "pk":11,
        "model": "InAndOutBoundApp.Requests",
        "fields": {
            "Request_Description": "Cover Note"
        }
    },
    {
        "pk":12,
        "model": "InAndOutBoundApp.Requests",
        "fields": {
            "Request_Description": "Credit Agreement Adjustment"
        }
    },
    {
        "pk":13,
        "model": "InAndOutBoundApp.Requests",
        "fields": {
            "Request_Description": "Credit Agreement Plan"
        }
    },
    {
        "pk":14,
        "model": "InAndOutBoundApp.Requests",
        "fields": {
            "Request_Description": "Documentation Received"
        }
    },
    {
        "pk":15,
        "model": "InAndOutBoundApp.Requests",
        "fields": {
            "Request_Description": "Documentation Submitted"
        }
    },
    {
        "pk":16,
        "model": "InAndOutBoundApp.Requests",
        "fields": {
            "Request_Description": "KYC App Support"
        }
    },
    {
        "pk":17,
        "model": "InAndOutBoundApp.Requests",
        "fields": {
            "Request_Description": "New Policy"
        }
    },
    {
        "pk":18,
        "model": "InAndOutBoundApp.Requests",
        "fields": {
            "Request_Description": "OmniPlus Service"
        }
    },
    {
        "pk":19,
        "model": "InAndOutBoundApp.Requests",
        "fields": {
            "Request_Description": "Online Customer Request"
        }
    },
    {
        "pk":20,
        "model": "InAndOutBoundApp.Requests",
        "fields": {
            "Request_Description": "Online Support (UW Issues)"
        }
    },
    {
        "pk":21,
        "model": "InAndOutBoundApp.Requests",
        "fields": {
            "Request_Description": "Other"
        }
    },
    {
        "pk":22,
        "model": "InAndOutBoundApp.Requests",
        "fields": {
            "Request_Description": "Policy Adjustment"
        }
    },
    {
        "pk":23,
        "model": "InAndOutBoundApp.Requests",
        "fields": {
            "Request_Description": "Policy Cancellation"
        }
    },
    {
        "pk":24,
        "model": "InAndOutBoundApp.Requests",
        "fields": {
            "Request_Description": "Query"
        }
    },
    {
        "pk":25,
        "model": "InAndOutBoundApp.Requests",
        "fields": {
            "Request_Description": "Quotation"
        }
    },
    {
        "pk":26,
        "model": "InAndOutBoundApp.Requests",
        "fields": {
            "Request_Description": "Receipt"
        }
    },
    {
        "pk":27,
        "model": "InAndOutBoundApp.Requests",
        "fields": {
            "Request_Description": "Renewal Notice"
        }
    },
    {
        "pk":28,
        "model": "InAndOutBoundApp.Requests",
        "fields": {
            "Request_Description": "Renewal Premium Amount"
        }
    },
    {
        "pk":29,
        "model": "InAndOutBoundApp.Requests",
        "fields": {
            "Request_Description": "SurePay Issues"
        }
    },
    {
        "pk":30,
        "model": "InAndOutBoundApp.Requests",
        "fields": {
            "Request_Description": "Update Contact Details"
        }
    },
    {
        "pk":31,
        "model": "InAndOutBoundApp.Requests",
        "fields": {
            "Request_Description": "Vehicle Laid Up"
        }
    },
    {
        "pk":32,
        "model": "InAndOutBoundApp.Requests",
        "fields": {
            "Request_Description": "None"
        }
    },
    {
        "pk": 33,
        "model": "InAndOutBoundApp.Requests",
        "fields": {
            "Request_Description": "Follow up"
        }
    },
    {
        "pk": 34,
        "model": "InAndOutBoundApp.Requests",
        "fields": {
            "Request_Description": "Return Call"
        }
    },
    {
        "pk": 35,
        "model": "InAndOutBoundApp.Requests",
        "fields": {
            "Request_Description": "Personal Injury"
        }
    },
    {
        "pk": 36,
        "model": "InAndOutBoundApp.Requests",
        "fields": {
            "Request_Description": "HR support"
        }
    },
    {
        "pk": 37,
        "model": "InAndOutBoundApp.Requests",
        "fields": {
            "Request_Description": "ICBL Corporate"
        }
    },
    {
        "pk": 38,
        "model": "InAndOutBoundApp.Requests",
        "fields": {
            "Request_Description": "Customer Feedback"
        }
    },
    {
        "pk": 39,
        "model": "InAndOutBoundApp.Requests",
        "fields": {
            "Request_Description": "EFT Support"
        }
    },
    {
        "pk": 40,
        "model": "InAndOutBoundApp.Requests",
        "fields": {
            "Request_Description": "Salary Deduction"
        }
    },
    {
        "pk": 41,
        "model": "InAndOutBoundApp.Requests",
        "fields": {
            "Request_Description": "Refund"
        }
    },
    {
        "pk": 42,
        "model": "InAndOutBoundApp.Requests",
        "fields": {
            "Request_Description": "Document Requests"
        }
    },
    {
        "pk": 43,
        "model": "InAndOutBoundApp.Requests",
        "fields": {
            "Request_Description": "Medial Claim Forms"
        }
    },
    {
        "pk": 44,
        "model": "InAndOutBoundApp.Requests",
        "fields": {
            "Request_Description": "Vendor Payment"
        }
    },
    {
        "pk": 45,
        "model": "InAndOutBoundApp.Requests",
        "fields": {
            "Request_Description": "Pension Payment"
        }
    },
    {
        "pk": 46,
        "model": "InAndOutBoundApp.Requests",
        "fields": {
            "Request_Description": "Financial Difficulty"
        }
    },
    {
        "pk": 47,
        "model": "InAndOutBoundApp.Requests",
        "fields": {
            "Request_Description": "Policy Reinstatement"
        }
    },
    {
        "pk": 48,
        "model": "InAndOutBoundApp.Requests",
        "fields": {
            "Request_Description": "Welcome Stamp"
        }
    },
    {
        "pk": 49,
        "model": "InAndOutBoundApp.Requests",
        "fields": {
            "Request_Description": "Additional Driver"
        }
    },
    {
        "pk": 50,
        "model": "InAndOutBoundApp.Requests",
        "fields": {
            "Request_Description": "Policy Coverage/ Terms"
        }
    },
    {
        "pk": 51,
        "model": "InAndOutBoundApp.Requests",
        "fields": {
            "Request_Description": "Renewal"
        }
    },
    {
        "pk": 52,
        "model": "InAndOutBoundApp.Requests",
        "fields": {
            "Request_Description": "Email Campaign Promotion"
        }
    },
    {
        "pk": 53,
        "model": "InAndOutBoundApp.Requests",
        "fields": {
            "Request_Description": "Lead Generations"
        }
    },
    {
        "pk": 54,
        "model": "InAndOutBoundApp.Requests",
        "fields": {
            "Request_Description": "Claim Report"
        }
    },
    {
        "pk": 55,
        "model": "InAndOutBoundApp.Requests",
        "fields": {
            "Request_Description": "NCD Letter Request"
        }
    },
    {
        "pk": 56,
        "model": "InAndOutBoundApp.Requests",
        "fields": {
            "Request_Description": "Medical Claim Submission"
        }
    },
    {
        "pk":1,
        "model": "InAndOutBoundApp.TypeOfChannel",
        "fields": {
            "Channel_Description": "Broker"
        }
    },
    {
        "pk":2,
        "model": "InAndOutBoundApp.TypeOfChannel",
        "fields": {
            "Channel_Description": "Call"
        }
    },
    {
        "pk":3,
        "model": "InAndOutBoundApp.TypeOfChannel",
        "fields": {
            "Channel_Description": "Chat"
        }
    },
    {
        "pk":4,
        "model": "InAndOutBoundApp.TypeOfChannel",
        "fields": {
            "Channel_Description": "Email"
        }
    },
    {
        "pk":5,
        "model": "InAndOutBoundApp.TypeOfChannel",
        "fields": {
            "Channel_Description": "Post/Mail"
        }
    },
    {
        "pk":6,
        "model": "InAndOutBoundApp.TypeOfChannel",
        "fields": {
            "Channel_Description": "Walk-in"
        }
    },
    {
        "pk":7,
        "model": "InAndOutBoundApp.TypeOfChannel",
        "fields": {
            "Channel_Description": "Other"
        }
    },
    {
        "pk":8,
        "model": "InAndOutBoundApp.TypeOfChannel",
        "fields": {
            "Channel_Description": "None"
        }
    }
]