[
    {
        "pk": 1,
        "model": "InAndOutBoundApp.Products",
        "fields": {
            "Product_Description": "Corporate Client",
            "Status": "ACTIVE"
        }
    }, {
        "pk": 2,
        "model": "InAndOutBoundApp.Products",
        "fields": {
            "Product_Description": "Government",
            "Status": "ACTIVE"
        }
    }, {
        "pk": 3,
        "model": "InAndOutBoundApp.Products",
        "fields": {
            "Product_Description": "Health",
            "Status": "ACTIVE"
        }
    }, {
        "pk": 4,
        "model": "InAndOutBoundApp.Products",
        "fields": {
            "Product_Description": "Life",
            "Status": "ACTIVE"
        }
    }, {
        "pk": 5,
        "model": "InAndOutBoundApp.Products",
        "fields": {
            "Product_Description": "Marine",
            "Status": "ACTIVE"
        }
    }, {
        "pk": 6,
        "model": "InAndOutBoundApp.Products",
        "fields": {
            "Product_Description": "Motor",
            "Status": "ACTIVE"
        }
    }, {
        "pk": 7,
        "model": "InAndOutBoundApp.Products",
        "fields": {
            "Product_Description": "Pensions",
            "Status": "ACTIVE"
        }
    }, {
        "pk": 8,
        "model": "InAndOutBoundApp.Products",
        "fields": {
            "Product_Description": "Short-term liability",
            "Status": "ACTIVE"
        }
    }, {
        "pk": 9,
        "model": "InAndOutBoundApp.Products",
        "fields": {
            "Product_Description": "Travel",
            "Status": "ACTIVE"
        }
    }, {
        "pk": 10,
        "model": "InAndOutBoundApp.Products",
        "fields": {
            "Product_Description": "Other",
            "Status": "ACTIVE"
        }
    },{
        "pk": 11,
        "model": "InAndOutBoundApp.Products",
        "fields": {
            "Product_Description": "Property",
            "Status": "ACTIVE"
        }
    },{
        "pk": 12,
        "model": "InAndOutBoundApp.Products",
        "fields": {
            "Product_Description": "None",
            "Status": "ACTIVE"
        }
    },{
        "pk": 13,
        "model": "InAndOutBoundApp.Products",
        "fields": {
            "Product_Description": "Personal Injury",
            "Status": "ACTIVE"
        }
    },{
        "pk": 1,
        "model": "InAndOutBoundApp.CustomerResponse",
        "fields": {
            "Response_Description": "RN – Agree to pay",
            "Status": "ACTIVE",
            "Response_option": "Reached"
        }
    }, {
        "pk": 2,
        "model": "InAndOutBoundApp.CustomerResponse",
        "fields": {
            "Response_Description": "RN – Promise to Renew",
            "Status": "ACTIVE",
            "Response_option": "Reached"
        }
    }, {
        "pk": 3,
        "model": "InAndOutBoundApp.CustomerResponse",
        "fields": {
            "Response_Description": "No Contact Information",
            "Status": "INACTIVE",
            "Response_option": "UnReached"

        }
    }, {
        "pk": 4,
        "model": "InAndOutBoundApp.CustomerResponse",
        "fields": {
            "Response_Description": "No Answer",
            "Status": "INACTIVE",
            "Response_option": "UnReached"
        }
    }, {
        "pk": 5,
        "model": "InAndOutBoundApp.CustomerResponse",
        "fields": {
            "Response_Description": "Number Out Of Service",
            "Status": "ACTIVE",
            "Response_option": "UnReached"
        }
    }, {
        "pk": 6,
        "model": "InAndOutBoundApp.CustomerResponse",
        "fields": {
            "Response_Description": "Other Query",
            "Status": "INACTIVE",
            "Response_option": "UnReached"
        }
    }, {
        "pk": 7,
        "model": "InAndOutBoundApp.CustomerResponse",
        "fields": {
            "Response_Description": "Others",
            "Status": "ACTIVE",
            "Response_option": "UnReached"
        }
    }, {
        "pk": 8,
        "model": "InAndOutBoundApp.CustomerResponse",
        "fields": {
            "Response_Description": "Unavailable ATM",
            "Status": "INACTIVE",
            "Response_option": "UnReached"
        }
    }, {
        "pk": 9,
        "model": "InAndOutBoundApp.CustomerResponse",
        "fields": {
            "Response_Description": "NR - Will not pay",
            "Status": "ACTIVE",
            "Response_option": "Reached"
        }
    }, {
        "pk": 10,
        "model": "InAndOutBoundApp.CustomerResponse",
        "fields": {
            "Response_Description": "Will Not Renew",
            "Status": "INACTIVE",
            "Response_option": "Reached"
        }
    },  {
        "pk": 11,
        "model": "InAndOutBoundApp.CustomerResponse",
        "fields": {
            "Response_Description": "Vehicle sold",
            "Status": "INACTIVE",
            "Response_option": "Reached"
        }
    },  {
        "pk": 12,
        "model": "InAndOutBoundApp.CustomerResponse",
        "fields": {
            "Response_Description": "NC - Vehicle off road - temporarily",
            "Status": "ACTIVE",
            "Response_option": "Reached"
        }
    },  {
        "pk": 13,
        "model": "InAndOutBoundApp.CustomerResponse",
        "fields": {
            "Response_Description": "NC - Insured deceased",
            "Status": "ACTIVE",
            "Response_option": "Reached"
        }
    },  {
        "pk": 14,
        "model": "InAndOutBoundApp.CustomerResponse",
        "fields": {
            "Response_Description": "Insured is incapacitated",
            "Status": "INACTIVE",
            "Response_option": "Reached"
        }
    },  {
        "pk": 15,
        "model": "InAndOutBoundApp.CustomerResponse",
        "fields": {
            "Response_Description": "Experiencing financial difficulty",
            "Status": "INACTIVE",
            "Response_option": "Reached"
        }

    }, {
        "pk": 16,
        "model": "InAndOutBoundApp.CustomerResponse",
        "fields": {
            "Response_Description": "NR - Moved business to competitor",
            "Status": "ACTIVE",
            "Response_option": "Reached"
        }
    }, {
        "pk": 17,
        "model": "InAndOutBoundApp.CustomerResponse",
        "fields": {
            "Response_Description": "NR - Poor Service",
            "Status": "ACTIVE",
            "Response_option": "Reached"
        }
    }, {
        "pk": 18,
        "model": "InAndOutBoundApp.CustomerResponse",
        "fields": {
            "Response_Description": "NR - Vehicle sold – intend to reinsure",
            "Status": "ACTIVE",
            "Response_option": "Reached"
        }
    }, {
        "pk": 19,
        "model": "InAndOutBoundApp.CustomerResponse",
        "fields": {
            "Response_Description": "NR - Vehicle sold – not reinsuring",
            "Status": "ACTIVE",
            "Response_option": "Reached"
        }
    }, {
        "pk": 20,
        "model": "InAndOutBoundApp.CustomerResponse",
        "fields": {
            "Response_Description": "NR - Declined to give reason",
            "Status": "ACTIVE",
            "Response_option": "Reached"
        }
    }, {
        "pk": 21,
        "model": "InAndOutBoundApp.CustomerResponse",
        "fields": {
            "Response_Description": "NC - Indecision about renewal",
            "Status": "ACTIVE",
            "Response_option": "Reached"
        }
    }, {
        "pk": 22,
        "model": "InAndOutBoundApp.CustomerResponse",
        "fields": {
            "Response_Description": "NC - Financial difficulty",
            "Status": "ACTIVE",
            "Response_option": "Reached"
        }
    }, {
        "pk": 23,
        "model": "InAndOutBoundApp.CustomerResponse",
        "fields": {
            "Response_Description": "NC – Client Busy ATM",
            "Status": "ACTIVE",
            "Response_option": "Reached"
        }
    }, {
        "pk": 24,
        "model": "InAndOutBoundApp.CustomerResponse",
        "fields": {
            "Response_Description": "Unable to leave message",
            "Status": "ACTIVE",
            "Response_option": "UnReached"
        }
    }, {
        "pk": 25,
        "model": "InAndOutBoundApp.CustomerResponse",
        "fields": {
            "Response_Description": "Number incorrect",
            "Status": "ACTIVE",
            "Response_option": "UnReached"
        }
    }, {
        "pk": 26,
        "model": "InAndOutBoundApp.CustomerResponse",
        "fields": {
            "Response_Description": "Left voicemail",
            "Status": "ACTIVE",
            "Response_option": "UnReached"
        }
    }, {
        "pk": 27,
        "model": "InAndOutBoundApp.CustomerResponse",
        "fields": {
            "Response_Description": "Message sent via WhatsApp",
            "Status": "ACTIVE",
            "Response_option": "UnReached"
        }
    }, {
        "pk": 28,
        "model": "InAndOutBoundApp.CustomerResponse",
        "fields": {
            "Response_Description": "Email sent",
            "Status": "ACTIVE",
            "Response_option": "UnReached"
        }
    }, {
        "pk": 29,
        "model": "InAndOutBoundApp.CustomerResponse",
        "fields": {
            "Response_Description": "Message left with a representative",
            "Status": "ACTIVE",
            "Response_option": "UnReached"
        }
    }, {
        "pk": 30,
        "model": "InAndOutBoundApp.CustomerResponse",
        "fields": {
            "Response_Description": "NR - High premium",
            "Status": "ACTIVE",
            "Response_option": "Reached"
        }
    }, {
        "pk":1,
        "model": "InAndOutBoundApp.Departments",
        "fields": {
            "Department_Description": "Payment Admin",
            "Dept_Email_id": "paymentadmin@icbl.com"
        }
    }, {
        "pk":2,
        "model": "InAndOutBoundApp.Departments",
        "fields": {
            "Department_Description": "Policy Services",
            "Dept_Email_id": "policyservices@icbl.com"
        }
    }, {
        "pk":3,
        "model": "InAndOutBoundApp.Departments",
        "fields": {
            "Department_Description": "Quotations",
            "Dept_Email_id": "easyquote@icbl.com"
        }
    }, {
        "pk":4,
        "model": "InAndOutBoundApp.Departments",
        "fields": {
            "Department_Description": "Customer Support",
            "Dept_Email_id": "customersupport@icbl.com"
        }
    }, {
        "pk":5,
        "model": "InAndOutBoundApp.Departments",
        "fields": {
            "Department_Description": "Policy Benefits Team",
            "Dept_Email_id": "allclaims@icbl.com"
        }
    }, {
        "pk":6,
        "model": "InAndOutBoundApp.Departments",
        "fields": {
            "Department_Description": "Online Support",
            "Dept_Email_id": "onlinesupport@icbl.com"
        }
    }, {
        "pk":7,
        "model": "InAndOutBoundApp.Departments",
        "fields": {
            "Department_Description": "Individual Life & Health",
            "Dept_Email_id": "individuallifehealth@icbl.com"
        }
    }, {
        "pk":8,
        "model": "InAndOutBoundApp.Departments",
        "fields": {
            "Department_Description": "Group Life & Health",
            "Dept_Email_id": "lifeops@icbl.com"
        }
    }, {
        "pk":9,
        "model": "InAndOutBoundApp.Departments",
        "fields": {
            "Department_Description": "Pensions Support Team",
            "Dept_Email_id": "pensionsops@icbl.com"
        }
    },{
        "pk":10,
        "model": "InAndOutBoundApp.Departments",
        "fields": {
            "Department_Description": "Inbound Call Team",
            "Dept_Email_id": "inboundcalls@icbl.com"
        }
    },{
        "pk":11,
        "model": "InAndOutBoundApp.Departments",
        "fields": {
            "Department_Description": "Omniplus Team",
            "Dept_Email_id": "omniplus@icbl.com"
        }
    },{
        "pk":12,
        "model": "InAndOutBoundApp.Departments",
        "fields": {
            "Department_Description": "Key business Partners",
            "Dept_Email_id": "keybizpartners@icbl.com"
        }
    },{
        "pk":13,
        "model": "InAndOutBoundApp.Departments",
        "fields": {
            "Department_Description": "Other",
            "Dept_Email_id": "other"
        }
    },{
        "pk":14,
        "model": "InAndOutBoundApp.Departments",
        "fields": {
            "Department_Description": "Existing Individual L&H",
            "Dept_Email_id": "inforcerequests@icbl.com"
        }
    },{
        "pk":15,
        "model": "InAndOutBoundApp.Departments",
        "fields": {
            "Department_Description": "Human Resources",
            "Dept_Email_id": "icblhrd@icbl.com"
        }
    },{
        "pk":16,
        "model": "InAndOutBoundApp.Departments",
        "fields": {
            "Department_Description": "Marketing and Communications",
            "Dept_Email_id": "ICBLMarketing2@icbl.com"
        }
    },{
        "pk":17,
        "model": "InAndOutBoundApp.Departments",
        "fields": {
            "Department_Description": "Accounts Payable Team",
            "Dept_Email_id": "ICBLAccountsPayableDG@icbl.com"
        }
    },{
        "pk":18,
        "model": "InAndOutBoundApp.Departments",
        "fields": {
            "Department_Description": "Accounts Receivable",
            "Dept_Email_id": "accountsreceivable@icbl.com"
        }
    },{
        "pk":19,
        "model": "InAndOutBoundApp.Departments",
        "fields": {
            "Department_Description": "Treasury and Operations",
            "Dept_Email_id": "ICBLTreasuryOperations@icbl.com"
        }
    },{
        "pk":20,
        "model": "InAndOutBoundApp.Departments",
        "fields": {
            "Department_Description": "Bar Association Services",
            "Dept_Email_id": "barassocservice@icbl.com"
        }
    },
    {
        "pk": 21,
        "model": "InAndOutBoundApp.Departments",
        "fields": {
            "Department_Description": "Agency - Kendal Ince",
            "Dept_Email_id": "kendalinceagency@icbl.com"
        }
    },{
        "pk":22,
        "model": "InAndOutBoundApp.Departments",
        "fields": {
            "Department_Description": "Agency - Natasha Licorish",
            "Dept_Email_id": "natashalicorishagency@icbl.com"
        }

    },
    {
        "pk":1,
        "model": "InAndOutBoundApp.Requests",
        "fields": {
            "Request_Description": "Balance on Account",
            "Status": "ACTIVE"
        }
    },
    {
        "pk":2,
        "model": "InAndOutBoundApp.Requests",
        "fields": {
            "Request_Description": "Certificate of Insurance",
            "Status": "ACTIVE"
        }
    },
    {
        "pk":3,
        "model": "InAndOutBoundApp.Requests",
        "fields": {
            "Request_Description": "Change Cover Type (TP/Comp)",
            "Status": "ACTIVE"
        }
    },
    {
        "pk":4,
        "model": "InAndOutBoundApp.Requests",
        "fields": {
            "Request_Description": "Change Policy Type (Comm. to Priv.)",
            "Status": "ACTIVE"
        }
    },
    {
        "pk":5,
        "model": "InAndOutBoundApp.Requests",
        "fields": {
            "Request_Description": "Change Policy Type (Priv. to Comm.)",
            "Status": "ACTIVE"
        }
    },
    {
        "pk":6,
        "model": "InAndOutBoundApp.Requests",
        "fields": {
            "Request_Description": "Change in Value",
            "Status": "ACTIVE"
        }
    },
    {
        "pk":7,
        "model": "InAndOutBoundApp.Requests",
        "fields": {
            "Request_Description": "Change of Vehicle",
            "Status": "ACTIVE"
        }
    },
    {
        "pk":8,
        "model": "InAndOutBoundApp.Requests",
        "fields": {
            "Request_Description": "Claim Payment",
            "Status": "ACTIVE"
        }
    },
    {
        "pk":9,
        "model": "InAndOutBoundApp.Requests",
        "fields": {
            "Request_Description": "Claim Update",
            "Status": "ACTIVE"
        }
    },
    {
        "pk":10,
        "model": "InAndOutBoundApp.Requests",
        "fields": {
            "Request_Description": "Confirmation of Payment",
            "Status": "ACTIVE"
        }
    },
    {
        "pk":11,
        "model": "InAndOutBoundApp.Requests",
        "fields": {
            "Request_Description": "Cover Note",
            "Status": "ACTIVE"
        }
    },
    {
        "pk":12,
        "model": "InAndOutBoundApp.Requests",
        "fields": {
            "Request_Description": "Credit Agreement Adjustment",
            "Status": "ACTIVE"
        }
    },
    {
        "pk":13,
        "model": "InAndOutBoundApp.Requests",
        "fields": {
            "Request_Description": "Credit Agreement Plan",
            "Status": "ACTIVE"
        }
    },
    {
        "pk":14,
        "model": "InAndOutBoundApp.Requests",
        "fields": {
            "Request_Description": "Documentation Received",
            "Status": "ACTIVE"
        }
    },
    {
        "pk":15,
        "model": "InAndOutBoundApp.Requests",
        "fields": {
            "Request_Description": "Documentation Submitted",
            "Status": "ACTIVE"
        }
    },
    {
        "pk":16,
        "model": "InAndOutBoundApp.Requests",
        "fields": {
            "Request_Description": "KYC App Support",
            "Status": "ACTIVE"
        }
    },
    {
        "pk":17,
        "model": "InAndOutBoundApp.Requests",
        "fields": {
            "Request_Description": "New Policy",
            "Status": "ACTIVE"
        }
    },
    {
        "pk":18,
        "model": "InAndOutBoundApp.Requests",
        "fields": {
            "Request_Description": "OmniPlus Service",
            "Status": "ACTIVE"
        }
    },
    {
        "pk":19,
        "model": "InAndOutBoundApp.Requests",
        "fields": {
            "Request_Description": "Online Customer Request",
            "Status": "INACTIVE"
        }
    },
    {
        "pk":20,
        "model": "InAndOutBoundApp.Requests",
        "fields": {
            "Request_Description": "Online Support (UW Issues)",
            "Status": "INACTIVE"
        }
    },
    {
        "pk":21,
        "model": "InAndOutBoundApp.Requests",
        "fields": {
            "Request_Description": "Other",
            "Status": "ACTIVE"
        }
    },
    {
        "pk":22,
        "model": "InAndOutBoundApp.Requests",
        "fields": {
            "Request_Description": "Policy Adjustment",
            "Status": "ACTIVE"
        }
    },
    {
        "pk":23,
        "model": "InAndOutBoundApp.Requests",
        "fields": {
            "Request_Description": "Policy Cancellation",
            "Status": "ACTIVE"
        }
    },
    {
        "pk":24,
        "model": "InAndOutBoundApp.Requests",
        "fields": {
            "Request_Description": "Query",
            "Status": "ACTIVE"
        }
    },
    {
        "pk":25,
        "model": "InAndOutBoundApp.Requests",
        "fields": {
            "Request_Description": "Quotation",
            "Status": "ACTIVE"
        }
    },
    {
        "pk":26,
        "model": "InAndOutBoundApp.Requests",
        "fields": {
            "Request_Description": "Receipt",
            "Status": "ACTIVE"
        }
    },
    {
        "pk":27,
        "model": "InAndOutBoundApp.Requests",
        "fields": {
            "Request_Description": "Renewal Notice",
            "Status": "ACTIVE"
        }
    },
    {
        "pk":28,
        "model": "InAndOutBoundApp.Requests",
        "fields": {
            "Request_Description": "Renewal Premium Amount",
            "Status": "ACTIVE"
        }
    },
    {
        "pk":29,
        "model": "InAndOutBoundApp.Requests",
        "fields": {
            "Request_Description": "SurePay Issues",
            "Status": "ACTIVE"
        }
    },
    {
        "pk":30,
        "model": "InAndOutBoundApp.Requests",
        "fields": {
            "Request_Description": "Update Contact Details",
            "Status": "ACTIVE"
        }
    },
    {
        "pk":31,
        "model": "InAndOutBoundApp.Requests",
        "fields": {
            "Request_Description": "Vehicle Laid Up",
            "Status": "ACTIVE"
        }
    },
    {
        "pk":32,
        "model": "InAndOutBoundApp.Requests",
        "fields": {
            "Request_Description": "None"
        }
    },
    {
        "pk": 33,
        "model": "InAndOutBoundApp.Requests",
        "fields": {
            "Request_Description": "Follow up",
            "Status": "INACTIVE"
        }
    },
    {
        "pk": 34,
        "model": "InAndOutBoundApp.Requests",
        "fields": {
            "Request_Description": "Return Call",
            "Status": "INACTIVE"
        }
    },
    {
        "pk": 35,
        "model": "InAndOutBoundApp.Requests",
        "fields": {
            "Request_Description": "Personal Injury",
            "Status": "ACTIVE"
        }
    },
    {
        "pk": 36,
        "model": "InAndOutBoundApp.Requests",
        "fields": {
            "Request_Description": "HR support",
            "Status": "ACTIVE"
        }
    },
    {
        "pk": 37,
        "model": "InAndOutBoundApp.Requests",
        "fields": {
            "Request_Description": "ICBL Corporate",
            "Status": "ACTIVE"
        }
    },
    {
        "pk": 38,
        "model": "InAndOutBoundApp.Requests",
        "fields": {
            "Request_Description": "Customer Feedback",
            "Status": "INACTIVE"
        }
    },
    {
        "pk": 39,
        "model": "InAndOutBoundApp.Requests",
        "fields": {
            "Request_Description": "EFT Support",
            "Status": "ACTIVE"
        }
    },
    {
        "pk": 40,
        "model": "InAndOutBoundApp.Requests",
        "fields": {
            "Request_Description": "Salary Deduction",
            "Status": "ACTIVE"
        }
    },
    {
        "pk": 41,
        "model": "InAndOutBoundApp.Requests",
        "fields": {
            "Request_Description": "Refund",
            "Status": "ACTIVE"
        }
    },
    {
        "pk": 42,
        "model": "InAndOutBoundApp.Requests",
        "fields": {
            "Request_Description": "Document Requests",
            "Status": "ACTIVE"
        }
    },
    {
        "pk": 43,
        "model": "InAndOutBoundApp.Requests",
        "fields": {
            "Request_Description": "Medial Claim Forms",
            "Status": "ACTIVE"
        }
    },
    {
        "pk": 44,
        "model": "InAndOutBoundApp.Requests",
        "fields": {
            "Request_Description": "Vendor Payment",
            "Status": "ACTIVE"
        }
    },
    {
        "pk": 45,
        "model": "InAndOutBoundApp.Requests",
        "fields": {
            "Request_Description": "Pension Payment",
            "Status": "ACTIVE"
        }
    },
    {
        "pk": 46,
        "model": "InAndOutBoundApp.Requests",
        "fields": {
            "Request_Description": "Financial Difficulty",
            "Status": "ACTIVE"
        }
    },
    {
        "pk": 47,
        "model": "InAndOutBoundApp.Requests",
        "fields": {
            "Request_Description": "Policy Reinstatement",
            "Status": "ACTIVE"
        }
    },
    {
        "pk": 48,
        "model": "InAndOutBoundApp.Requests",
        "fields": {
            "Request_Description": "Welcome Stamp",
            "Status": "ACTIVE"
        }
    },
    {
        "pk": 49,
        "model": "InAndOutBoundApp.Requests",
        "fields": {
            "Request_Description": "Additional Driver",
            "Status": "ACTIVE"
        }
    },
    {
        "pk": 50,
        "model": "InAndOutBoundApp.Requests",
        "fields": {
            "Request_Description": "Policy Coverage/ Terms",
            "Status": "ACTIVE"
        }
    },
    {
        "pk": 51,
        "model": "InAndOutBoundApp.Requests",
        "fields": {
            "Request_Description": "Renewal",
            "Status": "ACTIVE"
        }
    },
    {
        "pk": 52,
        "model": "InAndOutBoundApp.Requests",
        "fields": {
            "Request_Description": "Email Campaign Promotion",
            "Status": "ACTIVE"
        }
    },
    {
        "pk": 53,
        "model": "InAndOutBoundApp.Requests",
        "fields": {
            "Request_Description": "Lead Generations",
            "Status": "ACTIVE"
        }
    },
    {
        "pk": 54,
        "model": "InAndOutBoundApp.Requests",
        "fields": {
            "Request_Description": "Claim Report",
            "Status": "ACTIVE"
        }
    },
    {
        "pk": 55,
        "model": "InAndOutBoundApp.Requests",
        "fields": {
            "Request_Description": "NCD Letter Request",
            "Status": "ACTIVE"
        }
    },
    {
        "pk": 56,
        "model": "InAndOutBoundApp.Requests",
        "fields": {
            "Request_Description": "Medical Claim Submission",
            "Status": "ACTIVE"
        }
    },
    {
        "pk":57,
        "model": "InAndOutBoundApp.Requests",
        "fields": {
            "Request_Description": "Campaign - Retargeting",
            "Status": "ACTIVE"
        }
    },
    {
        "pk":58,
        "model": "InAndOutBoundApp.Requests",
        "fields": {
            "Request_Description": "Campaign - Hurricane Tips",
            "Status": "ACTIVE"
        }
    },
    {
        "pk":59,
        "model": "InAndOutBoundApp.Requests",
        "fields": {
            "Request_Description": "Cancellation - Non-Payment",
            "Status": "ACTIVE"
        }
    },
    {
        "pk":60,
        "model": "InAndOutBoundApp.Requests",
        "fields": {
            "Request_Description": "Cash Surrender Value",
            "Status": "ACTIVE"
        }
    },
    {
        "pk":61,
        "model": "InAndOutBoundApp.Requests",
        "fields": {
            "Request_Description": "Claim Query",
            "Status": "ACTIVE"
        }
    },
    {
        "pk":62,
        "model": "InAndOutBoundApp.Requests",
        "fields": {
            "Request_Description": "Claims Portal Support",
            "Status": "ACTIVE"
        }
    },
    {
        "pk":63,
        "model": "InAndOutBoundApp.Requests",
        "fields": {
            "Request_Description": "Cross & Upsell",
            "Status": "ACTIVE"
        }
    },
    {
        "pk":64,
        "model": "InAndOutBoundApp.Requests",
        "fields": {
            "Request_Description": "Customer Feedback - Compliant",
            "Status": "ACTIVE"
        }
    },
    {
        "pk":65,
        "model": "InAndOutBoundApp.Requests",
        "fields": {
            "Request_Description": "Customer Feedback - Suggestion",
            "Status": "ACTIVE"
        }
    },
    {
        "pk":66,
        "model": "InAndOutBoundApp.Requests",
        "fields": {
            "Request_Description": "Estate of Policy",
            "Status": "ACTIVE"
        }
    },
    {
        "pk":67,
        "model": "InAndOutBoundApp.Requests",
        "fields": {
            "Request_Description": "Online Portal Support",
            "Status": "ACTIVE"
        }
    },
    {
        "pk":68,
        "model": "InAndOutBoundApp.Requests",
        "fields": {
            "Request_Description": "Payment Extension",
            "Status": "ACTIVE"
        }
    },
    {
        "pk":69,
        "model": "InAndOutBoundApp.Requests",
        "fields": {
            "Request_Description": "Payment Reminder",
            "Status": "ACTIVE"
        }
    },
    {
        "pk":70,
        "model": "InAndOutBoundApp.Requests",
        "fields": {
            "Request_Description": "Pension Support",
            "Status": "ACTIVE"
        }
    },
    {
        "pk":71,
        "model": "InAndOutBoundApp.Requests",
        "fields": {
            "Request_Description": "Personal Call",
            "Status": "ACTIVE"
        }
    },
    {
        "pk":72,
        "model": "InAndOutBoundApp.Requests",
        "fields": {
            "Request_Description": "Policy Reissue",
            "Status": "ACTIVE"
        }
    },
    {
        "pk":73,
        "model": "InAndOutBoundApp.Requests",
        "fields": {
            "Request_Description": "Policy Status",
            "Status": "ACTIVE"
        }
    },
    {
        "pk":74,
        "model": "InAndOutBoundApp.Requests",
        "fields": {
            "Request_Description": "Reinstatement - Non-Payment",
            "Status": "ACTIVE"
        }
    },
    {
        "pk":75,
        "model": "InAndOutBoundApp.Requests",
        "fields": {
            "Request_Description": "Renewal Reminder",
            "Status": "ACTIVE"
        }
    },
    {
        "pk":76,
        "model": "InAndOutBoundApp.Requests",
        "fields": {
            "Request_Description": "Shareholder Request",
            "Status": "ACTIVE"
        }
    },
    {
        "pk":77,
        "model": "InAndOutBoundApp.Requests",
        "fields": {
            "Request_Description": "Statement of Accounts",
            "Status": "ACTIVE"
        }
    },
    {
        "pk":78,
        "model": "InAndOutBoundApp.Requests",
        "fields": {
            "Request_Description": "Warning Letter - Missed Installment",
            "Status": "ACTIVE"
        }
    },
    {
        "pk":79,
        "model": "InAndOutBoundApp.Requests",
        "fields": {
            "Request_Description": "Customer Feedback - Compliment",
            "Status": "ACTIVE"
        }
    },
    {
        "pk":1,
        "model": "InAndOutBoundApp.TypeOfChannel",
        "fields": {
            "Channel_Description": "Broker",
            "Status": "ACTIVE"
        }
    },
    {
        "pk":2,
        "model": "InAndOutBoundApp.TypeOfChannel",
        "fields": {
            "Channel_Description": "Call",
            "Status": "ACTIVE"
        }
    },
    {
        "pk":3,
        "model": "InAndOutBoundApp.TypeOfChannel",
        "fields": {
            "Channel_Description": "Chat",
            "Status": "ACTIVE"
        }
    },
    {
        "pk":4,
        "model": "InAndOutBoundApp.TypeOfChannel",
        "fields": {
            "Channel_Description": "Email",
            "Status": "ACTIVE"
        }
    },
    {
        "pk":5,
        "model": "InAndOutBoundApp.TypeOfChannel",
        "fields": {
            "Channel_Description": "Post/Mail",
            "Status": "ACTIVE"
        }
    },
    {
        "pk":6,
        "model": "InAndOutBoundApp.TypeOfChannel",
        "fields": {
            "Channel_Description": "Branch/Walk-in",
            "Status": "ACTIVE"
        }
    },
    {
        "pk":7,
        "model": "InAndOutBoundApp.TypeOfChannel",
        "fields": {
            "Channel_Description": "Other",
            "Status": "ACTIVE"
        }
    },
    {
        "pk":8,
        "model": "InAndOutBoundApp.TypeOfChannel",
        "fields": {
            "Channel_Description": "None",
            "Status": "ACTIVE"
        }
    },
    {
        "pk":9,
        "model": "InAndOutBoundApp.TypeOfChannel",
        "fields": {
            "Channel_Description": "Sales Agent",
            "Status": "ACTIVE"
        }
    },
    {
        "pk":10,
        "model": "InAndOutBoundApp.TypeOfChannel",
        "fields": {
            "Channel_Description": "Website",
            "Status": "ACTIVE"
        }
    }
]